{
    "counter": {
        "ACTIVE": 576,
        "INACTIVE": 35,
        "INVALID": 0,
        "MALICIOUS": 0,
        "SANE": 0,
        "VALID": 0,
        "total": 611
    },
    "percentage": {
        "ACTIVE": 94.27168576104746,
        "INACTIVE": 5.993150684931507,
        "INVALID": 0,
        "MALICIOUS": 0,
        "SANE": 0,
        "VALID": 0,
        "total": 100.26483644597897
    }
}