{
    "counter": {
        "ACTIVE": 932,
        "INACTIVE": 45,
        "INVALID": 0,
        "MALICIOUS": 0,
        "SANE": 0,
        "VALID": 0,
        "total": 977
    },
    "percentage": {
        "ACTIVE": 95.3940634595701,
        "INACTIVE": 4.891304347826087,
        "INVALID": 0,
        "MALICIOUS": 0,
        "SANE": 0,
        "VALID": 0,
        "total": 100.2853678073962
    }
}