{
    "counter": {
        "ACTIVE": 666,
        "INACTIVE": 36,
        "INVALID": 0,
        "MALICIOUS": 0,
        "SANE": 0,
        "VALID": 0,
        "total": 702
    },
    "percentage": {
        "ACTIVE": 94.87179487179488,
        "INACTIVE": 5.2631578947368425,
        "INVALID": 0,
        "MALICIOUS": 0,
        "SANE": 0,
        "VALID": 0,
        "total": 100.13495276653171
    }
}