{
    "counter": {
        "ACTIVE": 755,
        "INACTIVE": 44,
        "INVALID": 0,
        "MALICIOUS": 0,
        "SANE": 0,
        "VALID": 0,
        "total": 799
    },
    "percentage": {
        "ACTIVE": 94.49311639549437,
        "INACTIVE": 5.597964376590331,
        "INVALID": 0,
        "MALICIOUS": 0,
        "SANE": 0,
        "VALID": 0,
        "total": 100.0910807720847
    }
}