{
    "counter": {
        "ACTIVE": 766,
        "INACTIVE": 44,
        "INVALID": 0,
        "MALICIOUS": 0,
        "SANE": 0,
        "VALID": 0,
        "total": 810
    },
    "percentage": {
        "ACTIVE": 94.5679012345679,
        "INACTIVE": 5.597964376590331,
        "INVALID": 0,
        "MALICIOUS": 0,
        "SANE": 0,
        "VALID": 0,
        "total": 100.16586561115822
    }
}