{
    "counter": {
        "ACTIVE": 288,
        "INACTIVE": 31,
        "INVALID": 0,
        "MALICIOUS": 0,
        "SANE": 0,
        "VALID": 0,
        "total": 319
    },
    "percentage": {
        "ACTIVE": 90.28213166144201,
        "INACTIVE": 11.69811320754717,
        "INVALID": 0,
        "MALICIOUS": 0,
        "SANE": 0,
        "VALID": 0,
        "total": 101.98024486898917
    }
}