{
    "counter": {
        "ACTIVE": 569,
        "INACTIVE": 35,
        "INVALID": 0,
        "MALICIOUS": 0,
        "SANE": 0,
        "VALID": 0,
        "total": 604
    },
    "percentage": {
        "ACTIVE": 94.20529801324503,
        "INACTIVE": 5.993150684931507,
        "INVALID": 0,
        "MALICIOUS": 0,
        "SANE": 0,
        "VALID": 0,
        "total": 100.19844869817653
    }
}