{
    "counter": {
        "ACTIVE": 743,
        "INACTIVE": 44,
        "INVALID": 0,
        "MALICIOUS": 0,
        "SANE": 0,
        "VALID": 0,
        "total": 787
    },
    "percentage": {
        "ACTIVE": 94.40914866581957,
        "INACTIVE": 5.597964376590331,
        "INVALID": 0,
        "MALICIOUS": 0,
        "SANE": 0,
        "VALID": 0,
        "total": 100.0071130424099
    }
}