{
    "counter": {
        "ACTIVE": 767,
        "INACTIVE": 44,
        "INVALID": 0,
        "MALICIOUS": 0,
        "SANE": 0,
        "VALID": 0,
        "total": 811
    },
    "percentage": {
        "ACTIVE": 94.57459926017263,
        "INACTIVE": 5.597964376590331,
        "INVALID": 0,
        "MALICIOUS": 0,
        "SANE": 0,
        "VALID": 0,
        "total": 100.17256363676296
    }
}