{
    "counter": {
        "ACTIVE": 973,
        "INACTIVE": 45,
        "INVALID": 0,
        "MALICIOUS": 0,
        "SANE": 0,
        "VALID": 0,
        "total": 1018
    },
    "percentage": {
        "ACTIVE": 95.57956777996071,
        "INACTIVE": 4.891304347826087,
        "INVALID": 0,
        "MALICIOUS": 0,
        "SANE": 0,
        "VALID": 0,
        "total": 100.4708721277868
    }
}