{
    "counter": {
        "ACTIVE": 1015,
        "INACTIVE": 46,
        "INVALID": 0,
        "MALICIOUS": 0,
        "SANE": 0,
        "VALID": 0,
        "total": 1061
    },
    "percentage": {
        "ACTIVE": 95.66446748350613,
        "INACTIVE": 4.448742746615087,
        "INVALID": 0,
        "MALICIOUS": 0,
        "SANE": 0,
        "VALID": 0,
        "total": 100.11321023012121
    }
}