{
    "counter": {
        "ACTIVE": 1014,
        "INACTIVE": 46,
        "INVALID": 0,
        "MALICIOUS": 0,
        "SANE": 0,
        "VALID": 0,
        "total": 1060
    },
    "percentage": {
        "ACTIVE": 95.66037735849056,
        "INACTIVE": 4.448742746615087,
        "INVALID": 0,
        "MALICIOUS": 0,
        "SANE": 0,
        "VALID": 0,
        "total": 100.10912010510565
    }
}