{
    "counter": {
        "ACTIVE": 345,
        "INACTIVE": 31,
        "INVALID": 0,
        "MALICIOUS": 0,
        "SANE": 0,
        "VALID": 0,
        "total": 376
    },
    "percentage": {
        "ACTIVE": 91.75531914893617,
        "INACTIVE": 11.69811320754717,
        "INVALID": 0,
        "MALICIOUS": 0,
        "SANE": 0,
        "VALID": 0,
        "total": 103.45343235648333
    }
}