{
    "counter": {
        "ACTIVE": 866,
        "INACTIVE": 44,
        "INVALID": 0,
        "MALICIOUS": 0,
        "SANE": 0,
        "VALID": 0,
        "total": 910
    },
    "percentage": {
        "ACTIVE": 95.16483516483517,
        "INACTIVE": 5.597964376590331,
        "INVALID": 0,
        "MALICIOUS": 0,
        "SANE": 0,
        "VALID": 0,
        "total": 100.7627995414255
    }
}