{
    "counter": {
        "ACTIVE": 819,
        "INACTIVE": 44,
        "INVALID": 0,
        "MALICIOUS": 0,
        "SANE": 0,
        "VALID": 0,
        "total": 863
    },
    "percentage": {
        "ACTIVE": 94.90150637311703,
        "INACTIVE": 5.597964376590331,
        "INVALID": 0,
        "MALICIOUS": 0,
        "SANE": 0,
        "VALID": 0,
        "total": 100.49947074970736
    }
}