{
    "counter": {
        "ACTIVE": 624,
        "INACTIVE": 35,
        "INVALID": 0,
        "MALICIOUS": 0,
        "SANE": 0,
        "VALID": 0,
        "total": 659
    },
    "percentage": {
        "ACTIVE": 94.68892261001517,
        "INACTIVE": 5.993150684931507,
        "INVALID": 0,
        "MALICIOUS": 0,
        "SANE": 0,
        "VALID": 0,
        "total": 100.68207329494668
    }
}