{
    "counter": {
        "ACTIVE": 1022,
        "INACTIVE": 46,
        "INVALID": 0,
        "MALICIOUS": 0,
        "SANE": 0,
        "VALID": 0,
        "total": 1068
    },
    "percentage": {
        "ACTIVE": 95.69288389513109,
        "INACTIVE": 4.448742746615087,
        "INVALID": 0,
        "MALICIOUS": 0,
        "SANE": 0,
        "VALID": 0,
        "total": 100.14162664174617
    }
}