{
    "counter": {
        "ACTIVE": 450,
        "INACTIVE": 34,
        "INVALID": 0,
        "MALICIOUS": 0,
        "SANE": 0,
        "VALID": 0,
        "total": 484
    },
    "percentage": {
        "ACTIVE": 92.97520661157024,
        "INACTIVE": 7.311827956989247,
        "INVALID": 0,
        "MALICIOUS": 0,
        "SANE": 0,
        "VALID": 0,
        "total": 100.28703456855949
    }
}