{
    "counter": {
        "ACTIVE": 742,
        "INACTIVE": 43,
        "INVALID": 0,
        "MALICIOUS": 0,
        "SANE": 0,
        "VALID": 0,
        "total": 785
    },
    "percentage": {
        "ACTIVE": 94.52229299363057,
        "INACTIVE": 5.548387096774194,
        "INVALID": 0,
        "MALICIOUS": 0,
        "SANE": 0,
        "VALID": 0,
        "total": 100.07068009040476
    }
}