{
    "counter": {
        "ACTIVE": 972,
        "INACTIVE": 45,
        "INVALID": 0,
        "MALICIOUS": 0,
        "SANE": 0,
        "VALID": 0,
        "total": 1017
    },
    "percentage": {
        "ACTIVE": 95.57522123893806,
        "INACTIVE": 4.891304347826087,
        "INVALID": 0,
        "MALICIOUS": 0,
        "SANE": 0,
        "VALID": 0,
        "total": 100.46652558676415
    }
}