{
    "counter": {
        "ACTIVE": 579,
        "INACTIVE": 35,
        "INVALID": 0,
        "MALICIOUS": 0,
        "SANE": 0,
        "VALID": 0,
        "total": 614
    },
    "percentage": {
        "ACTIVE": 94.29967426710098,
        "INACTIVE": 5.993150684931507,
        "INVALID": 0,
        "MALICIOUS": 0,
        "SANE": 0,
        "VALID": 0,
        "total": 100.29282495203249
    }
}