{
    "counter": {
        "ACTIVE": 870,
        "INACTIVE": 44,
        "INVALID": 0,
        "MALICIOUS": 0,
        "SANE": 0,
        "VALID": 0,
        "total": 914
    },
    "percentage": {
        "ACTIVE": 95.18599562363238,
        "INACTIVE": 5.597964376590331,
        "INVALID": 0,
        "MALICIOUS": 0,
        "SANE": 0,
        "VALID": 0,
        "total": 100.7839600002227
    }
}