{
    "counter": {
        "ACTIVE": 702,
        "INACTIVE": 36,
        "INVALID": 0,
        "MALICIOUS": 0,
        "SANE": 0,
        "VALID": 0,
        "total": 738
    },
    "percentage": {
        "ACTIVE": 95.1219512195122,
        "INACTIVE": 5.2631578947368425,
        "INVALID": 0,
        "MALICIOUS": 0,
        "SANE": 0,
        "VALID": 0,
        "total": 100.38510911424905
    }
}