{
    "counter": {
        "ACTIVE": 751,
        "INACTIVE": 43,
        "INVALID": 0,
        "MALICIOUS": 0,
        "SANE": 0,
        "VALID": 0,
        "total": 794
    },
    "percentage": {
        "ACTIVE": 94.58438287153652,
        "INACTIVE": 5.548387096774194,
        "INVALID": 0,
        "MALICIOUS": 0,
        "SANE": 0,
        "VALID": 0,
        "total": 100.13276996831071
    }
}