{
    "counter": {
        "ACTIVE": 811,
        "INACTIVE": 44,
        "INVALID": 0,
        "MALICIOUS": 0,
        "SANE": 0,
        "VALID": 0,
        "total": 855
    },
    "percentage": {
        "ACTIVE": 94.85380116959064,
        "INACTIVE": 5.597964376590331,
        "INVALID": 0,
        "MALICIOUS": 0,
        "SANE": 0,
        "VALID": 0,
        "total": 100.45176554618097
    }
}