{
    "counter": {
        "ACTIVE": 935,
        "INACTIVE": 45,
        "INVALID": 0,
        "MALICIOUS": 0,
        "SANE": 0,
        "VALID": 0,
        "total": 980
    },
    "percentage": {
        "ACTIVE": 95.40816326530613,
        "INACTIVE": 4.891304347826087,
        "INVALID": 0,
        "MALICIOUS": 0,
        "SANE": 0,
        "VALID": 0,
        "total": 100.29946761313222
    }
}