{
    "counter": {
        "ACTIVE": 629,
        "INACTIVE": 35,
        "INVALID": 0,
        "MALICIOUS": 0,
        "SANE": 0,
        "VALID": 0,
        "total": 664
    },
    "percentage": {
        "ACTIVE": 94.7289156626506,
        "INACTIVE": 5.993150684931507,
        "INVALID": 0,
        "MALICIOUS": 0,
        "SANE": 0,
        "VALID": 0,
        "total": 100.72206634758211
    }
}