{
    "counter": {
        "ACTIVE": 588,
        "INACTIVE": 35,
        "INVALID": 0,
        "MALICIOUS": 0,
        "SANE": 0,
        "VALID": 0,
        "total": 623
    },
    "percentage": {
        "ACTIVE": 94.38202247191012,
        "INACTIVE": 5.993150684931507,
        "INVALID": 0,
        "MALICIOUS": 0,
        "SANE": 0,
        "VALID": 0,
        "total": 100.37517315684163
    }
}