{
    "counter": {
        "ACTIVE": 581,
        "INACTIVE": 35,
        "INVALID": 0,
        "MALICIOUS": 0,
        "SANE": 0,
        "VALID": 0,
        "total": 616
    },
    "percentage": {
        "ACTIVE": 94.31818181818181,
        "INACTIVE": 5.993150684931507,
        "INVALID": 0,
        "MALICIOUS": 0,
        "SANE": 0,
        "VALID": 0,
        "total": 100.31133250311332
    }
}