{
    "counter": {
        "ACTIVE": 371,
        "INACTIVE": 33,
        "INVALID": 0,
        "MALICIOUS": 0,
        "SANE": 0,
        "VALID": 0,
        "total": 404
    },
    "percentage": {
        "ACTIVE": 91.83168316831683,
        "INACTIVE": 8.638743455497382,
        "INVALID": 0,
        "MALICIOUS": 0,
        "SANE": 0,
        "VALID": 0,
        "total": 100.4704266238142
    }
}