{
    "counter": {
        "ACTIVE": 845,
        "INACTIVE": 44,
        "INVALID": 0,
        "MALICIOUS": 0,
        "SANE": 0,
        "VALID": 0,
        "total": 889
    },
    "percentage": {
        "ACTIVE": 95.05061867266592,
        "INACTIVE": 5.597964376590331,
        "INVALID": 0,
        "MALICIOUS": 0,
        "SANE": 0,
        "VALID": 0,
        "total": 100.64858304925625
    }
}