{
    "counter": {
        "ACTIVE": 699,
        "INACTIVE": 36,
        "INVALID": 0,
        "MALICIOUS": 0,
        "SANE": 0,
        "VALID": 0,
        "total": 735
    },
    "percentage": {
        "ACTIVE": 95.10204081632654,
        "INACTIVE": 5.2631578947368425,
        "INVALID": 0,
        "MALICIOUS": 0,
        "SANE": 0,
        "VALID": 0,
        "total": 100.36519871106339
    }
}