{
    "counter": {
        "ACTIVE": 334,
        "INACTIVE": 31,
        "INVALID": 0,
        "MALICIOUS": 0,
        "SANE": 0,
        "VALID": 0,
        "total": 365
    },
    "percentage": {
        "ACTIVE": 91.5068493150685,
        "INACTIVE": 11.69811320754717,
        "INVALID": 0,
        "MALICIOUS": 0,
        "SANE": 0,
        "VALID": 0,
        "total": 103.20496252261566
    }
}